{"cameraMode":{"drawMode":0,"name":"Shaded","section":"Shading Mode"},"sceneLighting":true,"audioPlay":false,"sceneViewState":{"m_AlwaysRefresh":false,"showFog":true,"showSkybox":true,"showFlares":true,"showImageEffects":true,"showParticleSystems":true,"showVisualEffectGraphs":true,"m_FxEnabled":true},"in2DMode":false,"pivot":{"x":4.819025039672852,"y":-4.355649948120117,"z":1.3932862281799317},"rotation":{"x":-0.670793354511261,"y":-0.006232819985598326,"z":0.005636235699057579,"w":-0.7415991425514221},"size":11.441509246826172,"orthographic":false}